{
  "backend": "gpu(cupy)",
  "instruments": [
    "XAU_USD"
  ],
  "base_tf": "M15",
  "feature_columns": [
    "m15_ret1",
    "m15_ret4",
    "m15_atr_pct",
    "m15_trend",
    "m15_bbw",
    "m15_body_pct",
    "m15_range_pct",
    "m15_vol_z",
    "m15_sess_asia",
    "m15_sess_europe",
    "m15_sess_us",
    "m15_sess_eu_us_overlap",
    "m15_hour_sin",
    "m15_hour_cos",
    "m15_wday_sin",
    "m15_wday_cos",
    "h1_ret1",
    "h1_ret4",
    "h1_atr_pct",
    "h1_trend",
    "h1_bbw",
    "h1_body_pct",
    "h1_range_pct",
    "h1_vol_z",
    "h4_ret1",
    "h4_ret4",
    "h4_atr_pct",
    "h4_trend",
    "h4_bbw",
    "h4_body_pct",
    "h4_range_pct",
    "h4_vol_z",
    "d1_ret1",
    "d1_ret4",
    "d1_atr_pct",
    "d1_trend",
    "d1_bbw",
    "d1_body_pct",
    "d1_range_pct",
    "d1_vol_z"
  ],
  "train_mean": {
    "m15_ret1": 3.7565633844870993e-06,
    "m15_ret4": 1.4986376193984167e-05,
    "m15_atr_pct": 0.0011788604193105076,
    "m15_trend": 4.390717780008343e-05,
    "m15_bbw": 0.0050897735301816275,
    "m15_body_pct": 2.4362656786945243e-06,
    "m15_range_pct": 0.00117406126289305,
    "m15_vol_z": 0.045356756117810426,
    "m15_sess_asia": 0.3055006622460509,
    "m15_sess_europe": 0.26191937101435786,
    "m15_sess_us": 0.3602364620403949,
    "m15_sess_eu_us_overlap": 0.17461291400957188,
    "m15_hour_sin": 0.0314104376154607,
    "m15_hour_cos": -0.0343360405592455,
    "m15_wday_sin": 0.3516084001687904,
    "m15_wday_cos": -0.05849078694352968,
    "h1_ret1": 3.7478162470962696e-06,
    "h1_ret4": 1.5001975109151476e-05,
    "h1_atr_pct": 0.0024254387890879935,
    "h1_trend": 4.387752798154299e-05,
    "h1_bbw": 0.005025781637779777,
    "h1_body_pct": 9.978042475875034e-06,
    "h1_range_pct": 0.00242354068923267,
    "h1_vol_z": 0.05736828576820965,
    "h4_ret1": 3.752545879978086e-06,
    "h4_ret4": 1.501699867421259e-05,
    "h4_atr_pct": 0.004924808001188567,
    "h4_trend": 4.3871367246174864e-05,
    "h4_bbw": 0.004466863615208519,
    "h4_body_pct": 3.5206840142331106e-05,
    "h4_range_pct": 0.004923773025705775,
    "h4_vol_z": 0.13414924635940362,
    "d1_ret1": 3.7461605099186267e-06,
    "d1_ret4": 1.4991459955128132e-05,
    "d1_atr_pct": 0.012780797050353976,
    "d1_trend": 4.371479670926351e-05,
    "d1_bbw": 0.0022182290921362027,
    "d1_body_pct": 0.00027478107691358714,
    "d1_range_pct": 0.012779724302228896,
    "d1_vol_z": -0.0028792348166746407
  },
  "train_std": {
    "m15_ret1": 0.0009230371338427425,
    "m15_ret4": 0.0018208117616777078,
    "m15_atr_pct": 0.0006841029477802737,
    "m15_trend": 0.0016205522745905577,
    "m15_bbw": 0.004266772983684838,
    "m15_body_pct": 0.0009124164042251678,
    "m15_range_pct": 0.0009964257223664017,
    "m15_vol_z": 1.2042533591869833,
    "m15_sess_asia": 0.4606201313843773,
    "m15_sess_europe": 0.4396799201110763,
    "m15_sess_us": 0.4800699206393526,
    "m15_sess_eu_us_overlap": 0.3796364763109023,
    "m15_hour_sin": 0.7080509326279992,
    "m15_hour_cos": 0.7046293493676601,
    "m15_wday_sin": 0.5222235101529075,
    "m15_wday_cos": 0.7747494176913301,
    "h1_ret1": 0.0009148928588448732,
    "h1_ret4": 0.0018297521851888383,
    "h1_atr_pct": 0.0014915874337669158,
    "h1_trend": 0.0016224611731345195,
    "h1_bbw": 0.004375037795651646,
    "h1_body_pct": 0.0018159475529141659,
    "h1_range_pct": 0.0019393334050837356,
    "h1_vol_z": 1.3120646585655358,
    "h4_ret1": 0.0009202307161651847,
    "h4_ret4": 0.0018404129760612499,
    "h4_atr_pct": 0.0032800419665146895,
    "h4_trend": 0.0016208198844164332,
    "h4_bbw": 0.0049835538381529645,
    "h4_body_pct": 0.0036174859573758662,
    "h4_range_pct": 0.0036831454139813263,
    "h4_vol_z": 1.387433889434684,
    "d1_ret1": 0.0009225577879941776,
    "d1_ret4": 0.0018450688923120633,
    "d1_atr_pct": 0.0068301400841589595,
    "d1_trend": 0.001632402698155326,
    "d1_bbw": 0.006318582304397502,
    "d1_body_pct": 0.008642182837655868,
    "d1_range_pct": 0.007009167810745359,
    "d1_vol_z": 0.7512693325646186
  },