{
  "backend": "gpu(cupy)",
  "instruments": [
    "XAU_USD"
  ],
  "base_tf": "M15",
  "feature_columns": [
    "m15_ret1",
    "m15_ret4",
    "m15_atr_pct",
    "m15_trend",
    "m15_bbw",
    "m15_body_pct",
    "m15_range_pct",
    "m15_vol_z",
    "m15_sess_asia",
    "m15_sess_europe",
    "m15_sess_us",
    "m15_sess_eu_us_overlap",
    "m15_hour_sin",
    "m15_hour_cos",
    "m15_wday_sin",
    "m15_wday_cos",
    "h1_ret1",
    "h1_ret4",
    "h1_atr_pct",
    "h1_trend",
    "h1_bbw",
    "h1_body_pct",
    "h1_range_pct",
    "h1_vol_z",
    "h4_ret1",
    "h4_ret4",
    "h4_atr_pct",
    "h4_trend",
    "h4_bbw",
    "h4_body_pct",
    "h4_range_pct",
    "h4_vol_z",
    "d1_ret1",
    "d1_ret4",
    "d1_atr_pct",
    "d1_trend",
    "d1_bbw",
    "d1_body_pct",
    "d1_range_pct",
    "d1_vol_z"
  ],
  "train_mean": {
    "m15_ret1": 5.447791147233189e-06,
    "m15_ret4": 2.1764144454904016e-05,
    "m15_atr_pct": 0.0011964081152101964,
    "m15_trend": 6.877793709404676e-05,
    "m15_bbw": 0.005272908361894515,
    "m15_body_pct": 4.868549616453188e-06,
    "m15_range_pct": 0.0011919207619849837,
    "m15_vol_z": 0.05835336965758853,
    "m15_sess_asia": 0.3052842545023429,
    "m15_sess_europe": 0.2618415852763507,
    "m15_sess_us": 0.36061085078755717,
    "m15_sess_eu_us_overlap": 0.17456105685090048,
    "m15_hour_sin": 0.03076325878620875,
    "m15_hour_cos": -0.03492283220214405,
    "m15_wday_sin": 0.3506933267159958,
    "m15_wday_cos": -0.06055446889564744,
    "h1_ret1": 5.439258374042532e-06,
    "h1_ret4": 2.17764531717308e-05,
    "h1_atr_pct": 0.002453122579811357,
    "h1_trend": 6.891494109090696e-05,
    "h1_bbw": 0.005201931777055264,
    "h1_body_pct": 1.7914448611217518e-05,
    "h1_range_pct": 0.002450939397265481,
    "h1_vol_z": 0.07234737991522464,
    "h4_ret1": 5.4365177456800945e-06,
    "h4_ret4": 2.1768811192259336e-05,
    "h4_atr_pct": 0.005008092825950645,
    "h4_trend": 6.895260538169513e-05,
    "h4_bbw": 0.0045975225794959015,
    "h4_body_pct": 5.625917378218177e-05,
    "h4_range_pct": 0.0050069074050497365,
    "h4_vol_z": 0.16156994105375708,
    "d1_ret1": 5.641022378079256e-06,
    "d1_ret4": 2.2586829721855984e-05,
    "d1_atr_pct": 0.013207987153760554,
    "d1_trend": 6.915542701280927e-05,
    "d1_bbw": 0.0023495598378022536,
    "d1_body_pct": 0.00044401286881716755,
    "d1_range_pct": 0.013206638258719849,
    "d1_vol_z": -0.002031093545095748
  },
  "train_std": {
    "m15_ret1": 0.0009199546857532156,
    "m15_ret4": 0.0018344864637661407,
    "m15_atr_pct": 0.0006160449973326393,
    "m15_trend": 0.001651724327452624,
    "m15_bbw": 0.004114667142845343,
    "m15_body_pct": 0.000910658493415218,
    "m15_range_pct": 0.0009262142079972478,
    "m15_vol_z": 1.2304464711153658,
    "m15_sess_asia": 0.4605309673201874,
    "m15_sess_europe": 0.43963996347328316,
    "m15_sess_us": 0.480181131850723,
    "m15_sess_eu_us_overlap": 0.37959389876471183,
    "m15_hour_sin": 0.7084505382713162,
    "m15_hour_cos": 0.7042342906155569,
    "m15_wday_sin": 0.5226796155064656,
    "m15_wday_cos": 0.7747036162061383,
    "h1_ret1": 0.0009176905438827303,
    "h1_ret4": 0.0018352403111779637,
    "h1_atr_pct": 0.0013699453740610415,
    "h1_trend": 0.0016543191299876376,
    "h1_bbw": 0.004201690691269916,
    "h1_body_pct": 0.0018215466717973706,
    "h1_range_pct": 0.0018296405660899841,
    "h1_vol_z": 1.3215109816957047,
    "h4_ret1": 0.0009147313821942381,
    "h4_ret4": 0.0018293622194426634,
    "h4_atr_pct": 0.0030546179427007165,
    "h4_trend": 0.0016528266482110903,
    "h4_bbw": 0.004805405856211334,
    "h4_body_pct": 0.0036044611137050196,
    "h4_range_pct": 0.003484169140846664,
    "h4_vol_z": 1.3902619361814266,
    "d1_ret1": 0.0009541342409147627,
    "d1_ret4": 0.0019081649561547166,
    "d1_atr_pct": 0.006195042300187034,
    "d1_trend": 0.0016885235577744995,
    "d1_bbw": 0.006506611131681179,
    "d1_body_pct": 0.008955781612375495,
    "d1_range_pct": 0.006396804011682135,
    "d1_vol_z": 0.7509120084429223
  },