{
  "backend": "cpu",
  "instruments": [
    "XAU_USD"
  ],
  "base_tf": "M15",
  "feature_columns": [
    "m15_ret1",
    "m15_ret4",
    "m15_atr_pct",
    "m15_trend",
    "m15_bbw",
    "m15_body_pct",
    "m15_range_pct",
    "m15_vol_z",
    "m15_sess_asia",
    "m15_sess_europe",
    "m15_sess_us",
    "m15_sess_eu_us_overlap",
    "m15_hour_sin",
    "m15_hour_cos",
    "m15_wday_sin",
    "m15_wday_cos",
    "h1_ret1",
    "h1_ret4",
    "h1_atr_pct",
    "h1_trend",
    "h1_bbw",
    "h1_body_pct",
    "h1_range_pct",
    "h1_vol_z",
    "h4_ret1",
    "h4_ret4",
    "h4_atr_pct",
    "h4_trend",
    "h4_bbw",
    "h4_body_pct",
    "h4_range_pct",
    "h4_vol_z",
    "d1_ret1",
    "d1_ret4",
    "d1_atr_pct",
    "d1_trend",
    "d1_bbw",
    "d1_body_pct",
    "d1_range_pct",
    "d1_vol_z"
  ],
  "train_mean": {
    "m15_ret1": 1.2734113024041422e-05,
    "m15_ret4": 5.061903324789809e-05,
    "m15_atr_pct": 0.0010021811982668812,
    "m15_trend": 0.00017031024166213154,
    "m15_bbw": 0.0044674598125302644,
    "m15_body_pct": 1.1900741106817572e-05,
    "m15_range_pct": 0.0009983156877342006,
    "m15_vol_z": 0.06783536519856836,
    "m15_sess_asia": 0.3038568450312717,
    "m15_sess_europe": 0.26268241834607364,
    "m15_sess_us": 0.38064628214037527,
    "m15_sess_eu_us_overlap": 0.17512161223071576,
    "m15_hour_sin": 0.026197262958929057,
    "m15_hour_cos": -0.04132104202347278,
    "m15_wday_sin": 0.3653156210134578,
    "m15_wday_cos": -0.07332342124165574,
    "h1_ret1": 1.3500791688926262e-05,
    "h1_ret4": 5.3270672219682645e-05,
    "h1_atr_pct": 0.002061664201774706,
    "h1_trend": 0.00017388078850035714,
    "h1_bbw": 0.004326706650283113,
    "h1_body_pct": 4.770669437561289e-05,
    "h1_range_pct": 0.0020625769580575925,
    "h1_vol_z": 0.08054397486268787,
    "h4_ret1": 1.3499593597280081e-05,
    "h4_ret4": 5.3115967328786674e-05,
    "h4_atr_pct": 0.004251668944051202,
    "h4_trend": 0.0001751863175477607,
    "h4_bbw": 0.0038032551440769853,
    "h4_body_pct": 0.00017505420496412082,
    "h4_range_pct": 0.004254461305585847,
    "h4_vol_z": 0.18782891344487934,
    "d1_ret1": 1.4332967910558414e-05,
    "d1_ret4": 5.7331871642233655e-05,
    "d1_atr_pct": 0.011559042278075046,
    "d1_trend": 0.00019951879212024828,
    "d1_bbw": 0.0018603712643914941,
    "d1_body_pct": 0.0011959738229062676,
    "d1_range_pct": 0.011571603157833017,
    "d1_vol_z": -0.003338377174902922
  },
  "train_std": {
    "m15_ret1": 0.0007712980098883351,
    "m15_ret4": 0.001564003100261317,
    "m15_atr_pct": 0.0005285763166925344,
    "m15_trend": 0.00134720228630896,
    "m15_bbw": 0.0037111430076618205,
    "m15_body_pct": 0.0007637724328792066,
    "m15_range_pct": 0.0008294507740501291,
    "m15_vol_z": 1.2410304587726706,
    "m15_sess_asia": 0.4599615399704718,
    "m15_sess_europe": 0.44012954878667077,
    "m15_sess_us": 0.48558794798350935,
    "m15_sess_eu_us_overlap": 0.3801041091258544,
    "m15_hour_sin": 0.7129839314273354,
    "m15_hour_cos": 0.699595264730814,
    "m15_wday_sin": 0.5186251111312794,
    "m15_wday_cos": 0.7696400491806005,
    "h1_ret1": 0.000769631888274187,
    "h1_ret4": 0.0015371293070022378,
    "h1_atr_pct": 0.0011615984880263097,
    "h1_trend": 0.0013431012643643377,
    "h1_bbw": 0.0037361752114560094,
    "h1_body_pct": 0.0015232590098661857,
    "h1_range_pct": 0.0015943749894986735,
    "h1_vol_z": 1.3233933043320187,
    "h4_ret1": 0.0007678347274028323,
    "h4_ret4": 0.0015335270840711186,
    "h4_atr_pct": 0.002667293713386363,
    "h4_trend": 0.001328875281192101,
    "h4_bbw": 0.0040920453598121435,
    "h4_body_pct": 0.0030311808992279916,
    "h4_range_pct": 0.0030345226094570777,
    "h4_vol_z": 1.3869476165926016,
    "d1_ret1": 0.000752895601390913,
    "d1_ret4": 0.0015049722623312238,
    "d1_atr_pct": 0.005239890199692862,
    "d1_trend": 0.0013451628172173303,
    "d1_bbw": 0.005169850214464279,
    "d1_body_pct": 0.007036829281561695,
    "d1_range_pct": 0.005421372084101917,
    "d1_vol_z": 0.7371978060362194
  },